wavelength_nm,absorbance,baseline intensity,sample intensity
337.373260498,0.0150785221263,1556.1,1503.0
337.831827048,0.0158800263988,1556.9,1501.0
338.290423593,0.0150242633246,1552.8,1500.0
338.749050143,0.0154133030116,1557.3,1503.0
339.207706708,0.0151622415448,1556.4,1503.0
339.6663933,0.0144361365252,1553.8,1503.0
340.125109928,0.0150407763125,1557.0,1504.0
340.583856603,0.0149947865661,1555.8,1503.0
341.042633336,0.0152859201563,1552.7,1499.0
341.501440136,0.0161588850714,1557.9,1501.0
341.960277014,0.0152119737447,1551.4,1498.0
342.41914398,0.0157653902603,1559.6,1504.0
342.878041045,0.0162597462221,1559.3,1502.0
343.33696822,0.015674462378,1557.2,1502.0
343.795925514,0.0150423744445,1553.9,1501.0
344.254912938,0.0166931120511,1556.7,1498.0
344.713930503,0.0167439061112,1560.0,1501.0
345.172978218,0.0162916846038,1556.3,1499.0
345.632056094,0.0158592764614,1558.9,1503.0
346.091164143,0.0172507220422,1558.7,1498.0
346.550302373,0.0160752462687,1557.6,1501.0
347.009470795,0.0183600090511,1560.6,1496.0
347.46866942,0.0173394646712,1561.1,1500.0
347.927898259,0.0168998676545,1561.6,1502.0
348.387157321,0.0164331932857,1562.0,1504.0
348.846446617,0.0168941200375,1559.5,1500.0
349.305766157,0.0189747771863,1564.9,1498.0
349.765115952,0.0178721587739,1565.1,1502.0
350.224496013,0.0177495709882,1565.7,1503.0
350.683906348,0.0185255424469,1568.5,1503.0
351.14334697,0.0204278038081,1567.0,1495.0
351.602817888,0.0177333932419,1564.6,1502.0
352.062319113,0.0188822660988,1567.7,1501.0
352.521850655,0.0182643744184,1568.6,1504.0
352.981412524,0.0190083667893,1569.2,1502.0
353.441004732,0.0196126096232,1567.2,1498.0
353.900627287,0.0192073470533,1574.1,1506.0
354.360280202,0.019680874116,1566.4,1497.0
354.819963485,0.0204736859712,1576.6,1504.0
355.279677148,0.0212998769144,1571.2,1496.0
355.739421201,0.0214377276105,1573.8,1498.0
356.199195654,0.0213549338858,1573.5,1498.0
356.659000518,0.0206933403386,1575.3,1502.0
357.118835803,0.0211203119712,1573.7,1499.0
357.578701519,0.0217963181397,1575.1,1498.0
358.038597677,0.0222097088634,1576.6,1498.0
358.498524288,0.0211338513224,1566.4,1492.0
358.958481361,0.02154666392,1580.5,1504.0
359.418468907,0.0209281354421,1579.3,1505.0
359.878486936,0.0223489645972,1575.0,1496.0
360.33853546,0.0225989434946,1573.8,1494.0
360.798614487,0.0214231494214,1579.0,1503.0
361.25872403,0.0215606496543,1579.5,1503.0
361.718864097,0.0230227858852,1578.5,1497.0
362.1790347,0.0228362274065,1585.2,1504.0
362.639235848,0.0243488173807,1586.5,1500.0
363.099467553,0.0235208463856,1578.2,1495.0
363.559729824,0.024462649167,1584.8,1498.0
364.020022673,0.0238094641963,1587.7,1503.0
364.480346108,0.0247545049118,1590.1,1502.0
364.940700142,0.0242039128661,1590.2,1504.0
365.401084783,0.0251529812001,1590.5,1501.0
365.861500044,0.0245473864663,1590.4,1503.0
366.321945933,0.0260154523346,1592.6,1500.0
366.782422461,0.0261959867348,1592.2,1499.0
367.24292964,0.025628697748,1588.0,1497.0
367.703467478,0.0267658822108,1591.1,1496.0
368.164035987,0.0259273530243,1594.4,1502.0
368.624635177,0.026632189641,1593.8,1499.0
369.085265058,0.024631545481,1596.0,1508.0
369.545925641,0.0258833846077,1595.3,1503.0
370.006616937,0.0267039624377,1593.0,1498.0
370.467338954,0.026949257266,1593.9,1498.0
370.928091705,0.0275942118262,1598.4,1500.0
371.388875199,0.0276044006726,1602.7,1504.0
371.849689446,0.0278202963183,1597.1,1498.0
372.310534458,0.029079801933,1599.6,1496.0
372.771410244,0.0282547091406,1601.9,1501.0
373.232316815,0.028680980767,1599.2,1497.0
373.693254182,0.0291755134506,1605.3,1501.0
374.154222354,0.0291109431533,1607.2,1503.0
374.615221342,0.0294568791558,1604.2,1499.0
375.076251157,0.0295700710958,1608.9,1503.0
375.537311808,0.0298709944515,1614.3,1507.0
375.998403307,0.0313881693267,1604.9,1493.0
376.459525663,0.0288559171826,1611.6,1508.0
376.920678888,0.030506474427,1611.3,1502.0
377.381862991,0.0313276577611,1612.2,1500.0
377.843077982,0.0313814584075,1608.1,1496.0
378.304323873,0.0310581941539,1611.2,1500.0
378.765600674,0.033225063751,1617.1,1498.0
379.226908395,0.0324904460037,1617.6,1501.0
379.688247046,0.0335468100941,1623.7,1503.0
380.149616637,0.0338909033955,1618.5,1497.0
380.61101718,0.0353397953216,1617.4,1491.0
381.072448685,0.034896251274,1619.0,1494.0
381.533911162,0.0357689546007,1626.6,1498.0
381.995404621,0.0351853409839,1625.5,1499.0
382.456929073,0.0352387728838,1625.7,1499.0
382.918484528,0.0359594608591,1628.4,1499.0
383.380070996,0.0341397166812,1627.0,1504.0
383.841688489,0.0363893286657,1631.1,1500.0
384.303337016,0.0367588251229,1631.4,1499.0
384.765016588,0.0368713599531,1634.0,1501.0
385.226727214,0.0379528156761,1634.8,1498.0
385.688468907,0.0385936716949,1639.4,1500.0
386.150241675,0.0376489713046,1640.2,1504.0
386.61204553,0.0397014845518,1640.3,1497.0
387.073880481,0.0392376339879,1648.4,1506.0
387.53574654,0.0401036252656,1648.4,1503.0
387.997643716,0.0429288872814,1642.6,1488.0
388.45957202,0.0421837019792,1648.6,1496.0
388.921531462,0.0428340886782,1659.9,1504.0
389.383522053,0.0445198607033,1658.6,1497.0
389.845543804,0.0445658904416,1662.1,1500.0
390.307596723,0.0453229787867,1665.0,1500.0
390.769680823,0.0458934575533,1668.3,1501.0
391.231796113,0.044453228129,1666.1,1504.0
391.693942603,0.0465471881108,1669.7,1500.0
392.156120305,0.0473986045006,1667.4,1495.0
392.618329228,0.0470520898242,1676.1,1504.0
393.080569383,0.0479583069973,1666.2,1492.0
393.54284078,0.0475222847167,1676.8,1503.0
394.00514343,0.0476176489199,1679.4,1505.0
394.467477343,0.0487072366404,1682.5,1504.0
394.929842529,0.0500759957912,1682.2,1499.0
395.392239,0.050793028384,1690.6,1504.0
395.854666764,0.0530656748107,1700.6,1505.0
396.317125833,0.0543406194704,1698.8,1499.0
396.779616217,0.0562477900876,1704.0,1497.0
397.242137927,0.056381001339,1706.8,1499.0
397.704690972,0.0558433600179,1708.1,1502.0
398.167275364,0.0586312076518,1719.1,1502.0
398.629891112,0.0587016614751,1714.8,1498.0
399.092538227,0.0588699193411,1718.9,1501.0
399.55521672,0.0596496582197,1717.4,1497.0
400.0179266,0.0612139958969,1725.9,1499.0
400.480667879,0.059728109344,1722.3,1501.0
400.943440566,0.0595065681573,1711.1,1492.0
401.406244672,0.0596790335949,1724.4,1503.0
401.869080208,0.0609994512103,1728.5,1502.0
402.331947183,0.0596167860618,1725.3,1504.0
402.794845608,0.0615278708905,1728.3,1500.0
403.257775494,0.0631538006135,1729.0,1495.0
403.720736851,0.0638627534186,1735.3,1498.0
404.18372969,0.0641390288164,1742.2,1503.0
404.64675402,0.0653462295634,1742.4,1499.0
405.109809852,0.0671538232818,1748.5,1498.0
405.572897196,0.0668315004125,1757.7,1507.0
406.036016064,0.0696936762276,1765.8,1504.0
406.499166465,0.0705128931135,1760.9,1497.0
406.96234841,0.0711452904511,1767.0,1500.0
407.425561908,0.0745420561584,1778.5,1498.0
407.888806972,0.0729805812203,1773.3,1499.0
408.35208361,0.0730009188575,1772.2,1498.0
408.815391833,0.0730501560842,1779.5,1504.0
409.278731653,0.0731480938783,1765.7,1492.0
409.742103078,0.0737708428733,1778.9,1501.0
410.20550612,0.072990730122,1741.4,1472.0
410.668940788,0.0724169283418,1771.0,1499.0
411.132407094,0.0720143073473,1772.9,1502.0
411.595905048,0.0727312696912,1771.1,1498.0
412.059434659,0.0712542580982,1769.8,1502.0
412.522995939,0.0714119067927,1772.8,1504.0
412.986588898,0.0722440294696,1776.2,1504.0
413.450213546,0.0734983987173,1776.6,1500.0
413.913869894,0.0725528913285,1775.1,1502.0
414.377557952,0.0738160708802,1777.9,1500.0
414.84127773,0.0772198893626,1789.5,1498.0
415.305029239,0.0769830158154,1793.3,1502.0
415.76881249,0.0793258903394,1801.8,1501.0
416.232627491,0.0822107166012,1812.6,1500.0
416.696474255,0.0827949670302,1810.2,1496.0
417.160352792,0.0852708185425,1824.2,1499.0
417.624263111,0.0841577908185,1825.6,1504.0
418.088205223,0.0866118202327,1827.4,1497.0
418.552179139,0.0866721468001,1836.2,1504.0
419.016184869,0.0888853556441,1841.9,1501.0
419.480222423,0.0882954899056,1839.4,1501.0
419.944291812,0.0876394683126,1835.4,1500.0
420.408393046,0.087758769405,1840.8,1504.0
420.872526136,0.0900085327964,1847.9,1502.0
421.336691092,0.0882186934525,1840.3,1502.0
421.800887924,0.0891145351724,1844.1,1502.0
422.265116643,0.0861041321379,1833.8,1504.0
422.729377259,0.0890097071663,1841.2,1500.0
423.193669782,0.0883723751492,1838.5,1500.0
423.657994224,0.0885725359657,1841.8,1502.0
424.122350593,0.0887312750982,1843.7,1503.0
424.586738902,0.0900391736358,1846.8,1501.0
425.051159159,0.0916129617467,1849.8,1498.0
425.515611376,0.0933842999657,1858.6,1499.0
425.980095563,0.0948408884127,1863.6,1498.0
426.444611731,0.0939061081529,1865.8,1503.0
426.909159889,0.0964667482087,1860.6,1490.0
427.373740048,0.0991539557179,1882.2,1498.0
427.838352218,0.0989435335057,1883.8,1500.0
428.302996411,0.103990124172,1910.9,1504.0
428.767672635,0.106156026485,1917.9,1502.0
429.232380903,0.107019670449,1916.6,1498.0
429.697121223,0.109372968404,1928.3,1499.0
430.161893607,0.112023766232,1941.4,1500.0
430.626698065,0.112728478845,1927.7,1487.0
431.091534607,0.11483508196,1950.1,1497.0
431.556403244,0.114898700574,1956.9,1502.0
432.021303985,0.115099159993,1956.5,1501.0
432.486236842,0.11722491095,1966.1,1501.0
432.951201825,0.117725653976,1960.5,1495.0
433.416198945,0.115986154393,1960.5,1501.0
433.88122821,0.118148876815,1971.6,1502.0
434.346289633,0.11908666509,1970.6,1498.0
434.811383223,0.116185478721,1961.4,1501.0
435.276508991,0.118768404336,1973.1,1501.0
435.741666948,0.120101768816,1967.3,1492.0
436.206857102,0.120565139909,1976.0,1497.0
436.672079466,0.120906315068,1986.8,1504.0
437.137334049,0.123263475903,1992.3,1500.0
437.602620862,0.125264987643,1997.5,1497.0
438.067939915,0.126020956161,2009.0,1503.0
438.533291219,0.127718404059,2011.5,1499.0
438.998674784,0.130857846076,2031.5,1503.0
439.46409062,0.132613422951,2043.8,1506.0
439.929538738,0.135521156428,2046.6,1498.0
440.395019147,0.13589464763,2059.3,1506.0
440.86053186,0.140445188348,2072.7,1500.0
441.326076885,0.141840258128,2086.3,1505.0
441.791654234,0.141626029492,2082.5,1503.0
442.257263916,0.14594211752,2101.9,1502.0
442.722905943,0.149814191299,2117.9,1500.0
443.188580324,0.148647128311,2109.4,1498.0
443.65428707,0.148823416929,2117.3,1503.0
444.120026191,0.152280226426,2139.9,1507.0
444.585797698,0.151390282347,2125.6,1500.0
445.051601601,0.154387321066,2144.6,1503.0
445.517437911,0.154656117907,2144.5,1502.0
445.983306637,0.15341901308,2138.4,1502.0
446.449207791,0.15549627839,2141.5,1497.0
446.915141382,0.154206068024,2138.0,1499.0
447.381107422,0.155037475631,2152.1,1506.0
447.84710592,0.161877216105,2176.1,1499.0
448.313136887,0.161862533727,2152.8,1483.0
448.779200333,0.162147077663,2176.0,1498.0
449.245296268,0.16547085354,2201.5,1504.0
449.711424704,0.163871603675,2200.7,1509.0
450.17758565,0.168484596638,2224.2,1509.0
450.643779117,0.174950184968,2242.6,1499.0
451.110005116,0.175222380176,2247.0,1501.0
451.576263655,0.176957250333,2259.0,1503.0
452.042554747,0.18254586061,2277.6,1496.0
452.508878402,0.185523267969,2299.4,1500.0
452.975234629,0.184683851243,2291.9,1498.0
453.441623439,0.18539812945,2306.4,1505.0
453.908044843,0.181748653964,2287.1,1505.0
454.374498851,0.185617694183,2299.9,1500.0
454.840985473,0.187099663316,2309.3,1501.0
455.30750472,0.184383073711,2294.9,1501.0
455.774056602,0.185035529231,2310.6,1509.0
456.24064113,0.183761876353,2296.2,1504.0
456.707258314,0.185346563942,2295.4,1498.0
457.173908164,0.185256483745,2284.2,1491.0
457.640590691,0.180871051651,2274.9,1500.0
458.107305905,0.180327750927,2276.6,1503.0
458.574053816,0.18356362849,2292.1,1502.0
459.040834436,0.180612695542,2269.0,1497.0
459.507647774,0.180041509854,2275.1,1503.0
459.97449384,0.181221348422,2273.7,1498.0
460.441372646,0.181195472458,2276.6,1500.0
460.908284201,0.181642035356,2283.5,1503.0
461.375228516,0.183914873173,2290.9,1500.0
461.842205602,0.187283610191,2307.2,1499.0
462.309215468,0.186301028906,2311.2,1505.0
462.776258125,0.189697827597,2327.8,1504.0
463.243333584,0.194939640411,2349.8,1500.0
463.710441855,0.197675083556,2367.8,1502.0
464.177582948,0.204990021976,2398.4,1496.0
464.644756873,0.208399843664,2427.0,1502.0
465.111963642,0.212661290254,2449.3,1501.0
465.579203264,0.215786190662,2463.7,1499.0
466.04647575,0.220452833929,2495.3,1502.0
466.51378111,0.223689940035,2505.6,1497.0
466.981119355,0.226503413701,2520.2,1496.0
467.448490495,0.226987979702,2524.7,1497.0
467.915894541,0.223045751283,2506.9,1500.0
468.383331502,0.221252703877,2499.9,1502.0
468.850801389,0.221848749616,2510.0,1506.0
469.318304213,0.224556792374,2525.7,1506.0
469.785839984,0.223543215332,2508.1,1499.0
470.253408713,0.223679930749,2495.5,1491.0
470.721010409,0.224759280725,2525.2,1505.0
471.188645084,0.222213403848,2502.1,1500.0
471.656312747,0.223639942239,2518.7,1505.0
472.124013409,0.217929683752,2485.8,1505.0
472.591747081,0.216810096938,2479.4,1505.0
473.059513772,0.222778797146,2508.7,1502.0
473.527313494,0.221529937543,2496.5,1499.0
473.995146256,0.220802875985,2502.3,1505.0
474.463012069,0.220702990635,2498.4,1503.0
474.930910943,0.221871895941,2501.8,1501.0
475.398842889,0.226594743464,2524.1,1498.0
475.866807918,0.229171408401,2545.9,1502.0
476.334806039,0.23323704019,2578.4,1507.0
476.802837262,0.235868569538,2580.3,1499.0
477.2709016,0.239664886797,2609.9,1503.0
477.73899906,0.240751934218,2614.7,1502.0
478.207129655,0.244980761993,2643.8,1504.0
478.675293395,0.250092185106,2675.1,1504.0
479.14349029,0.257133128421,2713.4,1501.0
479.611720349,0.258503139973,2725.6,1503.0
480.079983585,0.260467591492,2741.6,1505.0
480.548280006,0.272248344188,2809.5,1501.0
481.016609625,0.277208693357,2834.2,1497.0
481.48497245,0.280924356828,2868.1,1502.0
481.953368492,0.276610671026,2830.3,1497.0
482.421797762,0.277884722073,2846.2,1501.0
482.89026027,0.276861180776,2839.5,1501.0
483.358756026,0.279636530205,2855.8,1500.0
483.827285042,0.284921396525,2900.4,1505.0
484.295847326,0.278586280869,2854.6,1503.0
484.764442891,0.276960123606,2851.5,1507.0
485.233071745,0.27713855506,2845.1,1503.0
485.7017339,0.28302404381,2882.0,1502.0
486.170429365,0.283358489496,2882.3,1501.0
486.639158152,0.285130486884,2888.3,1498.0
487.107920271,0.287370151381,2916.8,1505.0
487.576715731,0.290101287417,2931.3,1503.0
488.045544544,0.288723866202,2894.8,1489.0
488.51440672,0.284925468451,2898.5,1504.0
488.983302269,0.289752413881,2923.1,1500.0
489.452231202,0.293745508022,2944.2,1497.0
489.921193528,0.296685634315,2974.1,1502.0
490.390189259,0.298014452361,2985.2,1503.0
490.859218405,0.303263617998,3021.5,1503.0
491.328280976,0.306692137764,3049.5,1505.0
491.797376983,0.309248875359,3051.2,1497.0
492.266506435,0.315429074349,3103.2,1501.0
492.735669344,0.316242099612,3117.3,1505.0
493.20486572,0.324217828859,3158.2,1497.0
493.674095573,0.325153913388,3177.7,1503.0
494.143358913,0.330556590387,3223.9,1506.0
494.612655751,0.331638065643,3225.5,1503.0
495.081986098,0.340078483185,3288.8,1503.0
495.551349963,0.348289324135,3353.8,1504.0
496.020747358,0.352453383837,3368.1,1496.0
496.490178292,0.352182518111,3379.5,1502.0
496.959642776,0.356940010049,3409.9,1499.0
497.42914082,0.362192732005,3458.3,1502.0
497.898672435,0.36551286071,3491.8,1505.0
498.368237631,0.367865540247,3513.1,1506.0
498.837836419,0.373512729388,3544.9,1500.0
499.307468809,0.374973540931,3568.7,1505.0
499.77713481,0.375545133141,3573.4,1505.0
500.246834435,0.374632659982,3565.9,1505.0
500.716567693,0.381812762002,3613.3,1500.0
501.186334594,0.382145313412,3623.3,1503.0
501.656135149,0.384255126435,3636.1,1501.0
502.125969368,0.382534868712,3616.9,1499.0
502.595837262,0.383113184326,3633.8,1504.0
503.065738841,0.385896510617,3652.3,1502.0
503.535674115,0.389006198476,3666.3,1497.0
504.005643095,0.384279013707,3636.3,1501.0
504.475645792,0.387437129953,3672.6,1505.0
504.945682215,0.390234968476,3681.6,1499.0
505.415752375,0.391460059506,3692.0,1499.0
505.885856282,0.393107024292,3708.5,1500.0
506.355993948,0.3929580978,3709.7,1501.0
506.826165381,0.402278558994,3792.7,1502.0
507.296370594,0.401329110957,3769.3,1496.0
507.766609595,0.402095307542,3791.1,1502.0
508.236882396,0.403479656616,3810.8,1505.0
508.707189006,0.411505149283,3866.4,1499.0
509.177529437,0.411548259792,3890.0,1508.0
509.647903698,0.408117229963,3821.0,1493.0
510.1183118,0.411743131299,3871.1,1500.0
510.588753753,0.415695607379,3911.7,1502.0
511.059229569,0.42487946261,3995.3,1502.0
511.529739256,0.427040142968,4017.9,1503.0
512.000282826,0.422073688389,3959.0,1498.0
512.470860289,0.427992071289,4016.0,1499.0
512.941471656,0.425766553479,4008.8,1504.0
513.412116936,0.429544256312,4049.2,1506.0
513.88279614,0.431138965738,4056.0,1503.0
514.353509279,0.432146383193,4054.6,1499.0
514.824256362,0.432715397936,4087.0,1509.0
515.295037401,0.43520200816,4091.4,1502.0
515.765852406,0.436788302916,4084.5,1494.0
516.236701387,0.431609838516,4060.4,1503.0
516.707584354,0.439863696586,4132.8,1501.0
517.178501319,0.437410858961,4115.0,1503.0
517.64945229,0.43645370794,4119.6,1508.0
518.120437279,0.434581685734,4077.4,1499.0
518.591456297,0.441603904684,4141.1,1498.0
519.062509353,0.437197889188,4099.3,1498.0
519.533596457,0.442138433936,4146.2,1498.0
520.004717621,0.441447585374,4147.9,1501.0
520.475872855,0.438781442034,4133.5,1505.0
520.947062169,0.438870432497,4131.6,1504.0
521.418285573,0.44327861659,4168.2,1502.0
521.889543078,0.446445861514,4204.3,1504.0
522.360834694,0.446941119085,4203.5,1502.0
522.832160432,0.451548152974,4245.5,1501.0
523.303520302,0.453835263703,4253.7,1496.0
523.774914314,0.45738390735,4314.4,1505.0
524.246342479,0.457827489901,4310.2,1502.0
524.717804808,0.457226275807,4315.7,1506.0
525.18930131,0.463454991397,4360.6,1500.0
525.660831996,0.469979020628,4426.6,1500.0
526.132396876,0.473830946525,4483.9,1506.0
526.603995961,0.473562437515,4460.3,1499.0
527.075629262,0.480139136324,4534.4,1501.0
527.547296788,0.480974159654,4540.1,1500.0
528.01899855,0.486275901011,4592.8,1499.0
528.490734558,0.481236457025,4548.9,1502.0
528.962504823,0.495169119541,4697.2,1502.0
529.434309356,0.494494781946,4674.3,1497.0
529.906148165,0.490635012491,4657.7,1505.0
530.378021263,0.496058818227,4713.1,1504.0
530.84992866,0.494248985946,4693.5,1504.0
531.321870364,0.498011929087,4724.9,1501.0
531.793846389,0.49831055379,4737.6,1504.0
532.265856742,0.496859518421,4706.1,1499.0
532.737901436,0.498319732871,4731.4,1502.0
533.20998048,0.491762579643,4660.5,1502.0
533.682093884,0.491884748955,4652.5,1499.0
534.15424166,0.493613038006,4680.4,1502.0
534.626423817,0.4949773112,4692.0,1501.0
535.098640366,0.489390490973,4638.2,1503.0
535.570891318,0.492678347109,4657.9,1498.0
536.043176682,0.491761250175,4676.0,1507.0
536.515496469,0.490419248545,4649.2,1503.0
536.98785069,0.493221909052,4679.3,1503.0
537.460239355,0.494963275998,4698.1,1503.0
537.932662473,0.492431579992,4673.9,1504.0
538.405120057,0.493498836957,4685.4,1504.0
538.877612116,0.492357238367,4673.1,1504.0
539.35013866,0.504497612289,4789.6,1499.0
539.8226997,0.497567393548,4729.5,1504.0
540.295295246,0.503115808409,4771.2,1498.0
540.767925309,0.502379898862,4782.2,1504.0
541.240589898,0.506681310915,4829.8,1504.0
541.713289026,0.502874542537,4778.1,1501.0
542.186022701,0.506333625891,4813.1,1500.0
542.658790934,0.498741761047,4736.0,1502.0
543.131593736,0.490567095734,4641.5,1500.0
543.604431117,0.512712175997,4877.8,1498.0
544.077303088,0.523107566004,4999.3,1499.0
544.550209658,0.526612845475,5049.9,1502.0
545.023150838,0.523582280466,5024.8,1505.0
545.496126639,0.527165649195,5039.5,1497.0
545.969137071,0.526544039536,5049.1,1502.0
546.442182145,0.535530406491,5147.8,1500.0
546.91526187,0.538420724702,5164.9,1495.0
547.388376257,0.531750786518,5113.4,1503.0
547.861525317,0.535275598622,5158.5,1504.0
548.33470906,0.536862609795,5170.5,1502.0
548.807927496,0.535235028338,5144.3,1500.0
549.281180636,0.540179260522,5203.2,1500.0
549.75446849,0.539067758604,5207.2,1505.0
550.227791069,0.535449733665,5164.0,1505.0
550.701148383,0.531963710933,5109.1,1501.0
551.174540442,0.536254264755,5166.7,1503.0
551.647967256,0.537697634601,5183.9,1503.0
552.121428837,0.532987032602,5134.8,1505.0
552.594925194,0.532508767354,5108.7,1499.0
553.068456339,0.533128902958,5116.0,1499.0
553.54202228,0.529354764545,5078.5,1501.0
554.015623029,0.531725305983,5113.1,1503.0
554.489258597,0.530816843825,5112.6,1506.0
554.962928992,0.528017975366,5049.4,1497.0
555.436634227,0.524295070587,5006.3,1497.0
555.910374311,0.534284736936,5139.9,1502.0
556.384149255,0.532516576939,5112.2,1500.0
556.857959068,0.531750605811,5116.8,1504.0
557.331803763,0.530034637421,5103.4,1506.0
557.805683348,0.530737923542,5094.7,1501.0
558.279597834,0.53183737964,5090.6,1496.0
558.753547232,0.532817842338,5132.8,1505.0
559.227531552,0.534124167262,5138.0,1502.0
559.701550804,0.542533020572,5196.6,1490.0
560.175605,0.539229938492,5195.3,1501.0
560.649694148,0.543597210653,5254.8,1503.0
561.12381826,0.543301110946,5261.7,1506.0
561.597977347,0.551308839711,5352.5,1504.0
562.072171417,0.550346046388,5351.3,1507.0
562.546400483,0.557539281569,5415.4,1500.0
563.020664553,0.561683272685,5481.9,1504.0
563.494963639,0.559331971321,5437.8,1500.0
563.969297751,0.556077851852,5411.6,1504.0
564.4436669,0.567615225258,5549.9,1502.0
564.918071095,0.576845958482,5657.8,1499.0
565.392510348,0.577764341096,5579.0,1475.0
565.866984668,0.578537239148,5706.4,1506.0
566.341494066,0.578633873096,5696.3,1503.0
566.816038553,0.582941674169,5741.6,1500.0
567.290618138,0.586097783301,5798.9,1504.0
567.765232832,0.592476491304,5884.7,1504.0
568.239882646,0.585227849731,5779.6,1502.0
568.71456759,0.586488415111,5796.4,1502.0
569.189287674,0.588221437291,5831.2,1505.0
569.664042909,0.590018676842,5847.6,1503.0
570.138833305,0.589732813717,5828.2,1499.0
570.613658872,0.587461099355,5821.0,1505.0
571.088519622,0.591902691469,5861.3,1500.0
571.563415564,0.592866263105,5893.9,1505.0
572.038346708,0.590237570783,5823.3,1496.0
572.513313066,0.593039145106,5908.0,1508.0
572.988314647,0.59246173093,5884.5,1504.0
573.463351462,0.589397361942,5823.7,1499.0
573.938423521,0.590657732179,5867.9,1506.0
574.413530835,0.593109356935,5897.2,1505.0
574.888673414,0.588767418129,5807.5,1497.0
575.363851269,0.593213630279,5875.1,1499.0
575.839064409,0.593821243867,5895.1,1502.0
576.314312845,0.589389166198,5846.9,1505.0
576.789596589,0.590627545687,5859.7,1504.0
577.264915649,0.591442051706,5870.7,1504.0
577.740270037,0.592149303676,5852.9,1497.0
578.215659762,0.587299442887,5822.7,1506.0
578.691084836,0.59417884997,5892.1,1500.0
579.166545269,0.592778968468,5888.8,1504.0
579.64204107,0.59180090754,5844.3,1496.0
580.117572251,0.597400492808,5951.8,1504.0
580.593138822,0.593887415016,5911.7,1506.0
581.068740793,0.597213973154,5953.2,1505.0
581.544378174,0.603197182429,6003.7,1497.0
582.020050977,0.602225336886,6042.3,1510.0
582.495759211,0.606544406283,6074.4,1503.0
582.971502886,0.611930258357,6150.2,1503.0
583.447282014,0.609758978124,6123.6,1504.0
583.923096605,0.62074662341,6263.8,1500.0
584.398946668,0.617295974975,6230.8,1504.0
584.874832215,0.623586270005,6317.5,1503.0
585.350753256,0.627585045031,6342.0,1495.0
585.8267098,0.628879150569,6382.2,1500.0
586.30270186,0.629901431981,6414.3,1504.0
586.778729444,0.630219800864,6406.2,1501.0
587.254792564,0.631245238094,6429.9,1503.0
587.730891229,0.636873387426,6492.1,1498.0
588.20702545,0.633911736615,6469.5,1503.0
588.683195238,0.637740326837,6518.1,1501.0
589.159400603,0.641222196867,6583.7,1504.0
589.635641555,0.639755296909,6561.5,1504.0
590.111918105,0.64337375929,6603.2,1501.0
590.588230263,0.64280118035,6594.5,1501.0
591.06457804,0.646359905891,6639.9,1499.0
591.540961445,0.641095586134,6559.9,1499.0
592.01738049,0.640928486964,6570.5,1502.0
592.493835184,0.641660929862,6603.5,1507.0
592.970325539,0.640403458263,6571.3,1504.0
593.446851564,0.640918651315,6579.1,1504.0
593.92341327,0.645470967179,6599.8,1493.0
594.400010667,0.64228215933,6595.4,1503.0
594.876643766,0.63911486276,6564.9,1507.0
595.353312576,0.64075539087,6581.0,1505.0
595.83001711,0.643971166594,6621.1,1503.0
596.306757376,0.638007403491,6530.8,1503.0
596.783533385,0.63473496304,6490.4,1505.0
597.260345148,0.63993738928,6533.7,1497.0
597.737192675,0.63676171881,6473.1,1494.0
598.214075976,0.637995418425,6548.0,1507.0
598.690995063,0.637546869414,6536.9,1506.0
599.167949944,0.644433984525,6601.7,1497.0
599.644940631,0.635375950228,6525.9,1511.0
600.121967134,0.643913969851,6593.8,1497.0
600.599029464,0.638115283104,6558.5,1509.0
601.07612763,0.637293682946,6511.4,1501.0
601.553261643,0.646701818796,6587.5,1486.0
602.030431514,0.638704800062,6550.0,1505.0
602.507637253,0.642979588768,6606.0,1503.0
602.984878871,0.644737068261,6637.2,1504.0
603.462156377,0.647478101964,6665.9,1501.0
603.939469782,0.641935047166,6598.9,1505.0
604.416819097,0.648233373213,6686.4,1503.0
604.894204332,0.653225364435,6759.2,1502.0
605.371625497,0.652519858952,6766.2,1506.0
605.849082603,0.654110545666,6777.5,1503.0
606.32657566,0.658361236616,6830.5,1500.0
606.804104679,0.658816638096,6855.9,1504.0
607.281669669,0.664854289536,6956.5,1505.0
607.759270642,0.665845698906,6958.5,1502.0
608.236907607,0.66838343806,7008.6,1504.0
608.714580576,0.672728953082,7093.2,1507.0
609.192289558,0.667582995084,7014.3,1508.0
609.670034564,0.675499795331,7138.6,1507.0
610.147815605,0.679710523262,7193.8,1504.0
610.62563269,0.68746538565,7308.8,1501.0
611.10348583,0.684865645938,7279.7,1504.0
611.581375035,0.68148292834,7189.6,1497.0
612.059300317,0.685738759708,7289.5,1503.0
612.537261685,0.689392815152,7346.2,1502.0
613.015259149,0.682053154759,7227.9,1503.0
613.493292721,0.687884460562,7345.1,1507.0
613.971362409,0.687998312486,7332.4,1504.0
614.449468226,0.686908022901,7289.7,1499.0
614.927610181,0.687925717754,7326.3,1503.0
615.405788285,0.688262953759,7307.6,1498.0
615.884002548,0.685691027137,7279.0,1501.0
616.36225298,0.688354771119,7343.3,1505.0
616.840539592,0.693261410703,7421.8,1504.0
617.318862394,0.686708798419,7305.8,1503.0
617.797221397,0.66225898007,6873.7,1496.0
618.27561661,0.662355893215,6912.0,1504.0
618.754048046,0.683063790057,7259.2,1506.0
619.232515713,0.689089732334,7331.3,1500.0
619.711019622,0.68463966863,7261.4,1501.0
620.189559783,0.683571064791,7214.6,1495.0
620.668136208,0.682802542192,7245.2,1504.0
621.146748906,0.682439556335,7258.4,1508.0
621.625397888,0.691101594161,7345.7,1496.0
622.104083164,0.681283458398,7200.7,1500.0
622.582804745,0.684093174863,7257.1,1502.0
623.06156264,0.680669357582,7209.7,1504.0
623.540356861,0.687372189493,7312.1,1502.0
624.019187418,0.680591905859,7218.0,1506.0
624.498054321,0.685264661678,7233.1,1493.0
624.97695758,0.685702908037,7269.5,1499.0
625.455897206,0.683374777884,7264.4,1506.0
625.93487321,0.680349981297,7204.4,1504.0
626.413885601,0.684748635618,7272.9,1503.0
626.892934391,0.688512490248,7311.8,1498.0
627.372019589,0.688075572488,7314.2,1500.0
627.851141206,0.687970180508,7336.8,1505.0
628.330299252,0.693810055276,7421.3,1502.0
628.809493738,0.689488337221,7357.6,1504.0
629.288724674,0.691024175392,7349.3,1497.0
629.76799207,0.693715226917,7409.8,1500.0
630.247295937,0.689529653911,7358.3,1504.0
630.726636286,0.692520703209,7399.3,1502.0
631.206013126,0.695880866169,7466.7,1504.0
631.685426468,0.694887470059,7464.5,1507.0
632.164876323,0.69475140142,7427.5,1500.0
632.644362701,0.699951330758,7532.0,1503.0
633.123885612,0.696252957476,7473.1,1504.0
633.603445066,0.699252333643,7539.9,1507.0
634.083041075,0.701496982796,7584.0,1508.0
634.562673648,0.694584767521,7439.5,1503.0
635.042342796,0.702020449144,7557.9,1501.0
635.522048529,0.699777779612,7534.0,1504.0
636.001790857,0.695776733243,7479.8,1507.0
636.481569792,0.703508032191,7619.2,1508.0
636.961385343,0.695872983168,7461.6,1503.0
637.441237521,0.703682629252,7551.5,1494.0
637.921126336,0.697365184417,7482.3,1502.0
638.401051799,0.701233744932,7559.3,1504.0
638.881013919,0.69638314974,7465.4,1502.0
639.361012708,0.699547139945,7530.0,1504.0
639.841048176,0.700299381385,7558.1,1507.0
640.321120333,0.696816363224,7462.9,1500.0
640.80122919,0.695204840196,7465.0,1506.0
641.281374756,0.699584192197,7500.6,1498.0
641.761557043,0.69495600225,7431.0,1500.0
642.241776061,0.693134615173,7429.5,1506.0
642.722031819,0.691528525929,7377.5,1501.0
643.20232433,0.694196115639,7427.9,1502.0
643.682653602,0.699068828516,7471.7,1494.0
644.163019647,0.69210043091,7382.3,1500.0
644.643422474,0.68561958718,7287.5,1503.0
645.123862094,0.691966280501,7375.1,1499.0
645.604338518,0.688183226616,7340.4,1505.0
646.084851756,0.682382742751,7238.2,1504.0
646.565401818,0.687150341358,7303.5,1501.0
647.045988715,0.68460002964,7255.9,1500.0
647.526612457,0.681439846284,7217.7,1503.0
648.007273054,0.681102389673,7192.9,1499.0
648.487970518,0.680464501691,7206.3,1504.0
648.968704857,0.679454511574,7180.0,1502.0
649.449476083,0.679728634083,7194.1,1504.0
649.930284207,0.677313240693,7154.2,1504.0
650.411129238,0.67598081736,7122.8,1502.0
650.892011186,0.681217157395,7214.0,1503.0
651.372930063,0.679301101473,7191.8,1505.0
651.853885879,0.678949185958,7181.2,1504.0
652.334878643,0.679041721036,7149.3,1497.0
652.815908367,0.67918965766,7180.4,1503.0
653.296975061,0.676325420313,7133.2,1503.0
653.778078735,0.683485348204,7256.6,1504.0
654.2592194,0.681548548933,7209.9,1501.0
654.740397066,0.6796469625,7178.4,1501.0
655.221611743,0.681992565304,7231.7,1504.0
655.702863442,0.68228673159,7236.6,1504.0
656.184152173,0.683353279046,7235.1,1500.0
656.665477947,0.684690688758,7242.9,1497.0
657.146840773,0.691547084471,7372.9,1500.0
657.628240664,0.687039839057,7321.1,1505.0
658.109677628,0.683289162657,7248.5,1503.0
658.591151676,0.69388175295,7407.7,1499.0
659.072662818,0.689374531828,7341.0,1501.0
659.554211066,0.691356233039,7384.4,1503.0
660.035796429,0.696182055272,7422.2,1494.0
660.517418918,0.689765960032,7367.2,1505.0
660.999078542,0.692757880813,7413.2,1504.0
661.480775314,0.692259240592,7385.0,1500.0
661.962509242,0.689086770404,7350.8,1504.0
662.444280338,0.697243277193,7480.2,1502.0
662.926088611,0.693758617873,7405.6,1499.0
663.407934073,0.699010428803,7520.7,1504.0
663.889816733,0.696338911743,7454.7,1500.0
664.371736602,0.693942147105,7428.5,1503.0
664.85369369,0.694899106168,7464.7,1507.0
665.335688008,0.694447665113,7442.1,1504.0
665.817719567,0.695534208936,7440.9,1500.0
666.299788375,0.692690126661,7421.9,1506.0
666.781894445,0.697110960849,7482.9,1503.0
667.264037785,0.693309230759,7378.2,1495.0
667.746218408,0.695917799819,7472.3,1505.0
668.228436322,0.68929881365,7349.5,1503.0
668.710691539,0.687539007604,7349.0,1509.0
669.192984069,0.69574060236,7449.4,1501.0
669.675313922,0.69254262211,7404.6,1503.0
670.157681109,0.685947232976,7293.0,1503.0
670.64008564,0.694663607961,7435.9,1502.0
671.122527525,0.687190120323,7328.5,1506.0
671.605006775,0.684446111493,7263.0,1502.0
672.087523401,0.685312852811,7287.2,1504.0
672.570077412,0.68340012077,7260.0,1505.0
673.052668819,0.683023010217,7229.6,1500.0
673.535297632,0.681205140922,7218.6,1504.0
674.017963862,0.679731650477,7208.5,1507.0
674.50066752,0.680302784822,7165.3,1496.0
674.983408615,0.679847497246,7186.5,1502.0
675.466187158,0.679703352926,7160.2,1497.0
675.949003159,0.678704806318,7153.3,1499.0
676.431856629,0.678212764784,7173.8,1505.0
676.914747578,0.670117666981,7046.0,1506.0
677.397676017,0.67358824641,7093.1,1504.0
677.880641956,0.673701635497,7080.8,1501.0
678.363645406,0.672732318709,7055.6,1499.0
678.846686376,0.676137092248,7096.9,1496.0
679.329764877,0.673707479901,7109.2,1507.0
679.81288092,0.678764958256,7135.2,1495.0
680.296034514,0.671340501613,7047.1,1502.0
680.779225671,0.674894693833,7119.2,1505.0
681.262454401,0.668664487185,7017.8,1505.0
681.745720714,0.67562469458,7121.7,1503.0
682.22902462,0.675835793451,7106.2,1499.0
682.712366131,0.673655591702,7094.2,1504.0
683.195745255,0.675179323138,7100.2,1500.0
683.679162005,0.675791761658,7119.7,1502.0
684.162616389,0.676748537644,7116.4,1498.0
684.646108419,0.670463419382,7028.2,1501.0
685.129638105,0.6773488036,7131.0,1499.0
685.613205457,0.672441091381,7088.5,1507.0
686.096810486,0.67639158297,7115.3,1499.0
686.580453202,0.669455889894,7030.6,1505.0
687.064133615,0.677593588711,7149.3,1502.0
687.547851736,0.673897860275,7084.0,1501.0
688.031607576,0.671483449569,7063.5,1505.0
688.515401144,0.667959774168,6987.8,1501.0
688.999232451,0.671545663815,7073.9,1507.0
689.483101508,0.669501844542,7022.0,1503.0
689.967008324,0.668012226424,6993.3,1502.0
690.450952911,0.670944369041,7031.3,1500.0
690.934935279,0.673114458122,7057.1,1498.0
691.418955437,0.668992294577,6995.1,1499.0
691.903013397,0.664888327728,6947.8,1503.0
692.387109168,0.669142708441,7030.2,1506.0
692.871242762,0.671356519503,7023.9,1497.0
693.355414189,0.665995666026,6947.0,1499.0
693.839623458,0.667726101891,6998.0,1504.0
694.323870581,0.671146879293,7025.2,1498.0
694.808155568,0.663046112132,6932.2,1506.0
695.292478428,0.659915563555,6823.0,1493.0
695.776839174,0.656956620151,6826.6,1504.0
696.261237814,0.661728489132,6911.2,1506.0
696.74567436,0.66184665593,6903.9,1504.0
697.230148822,0.663555388126,6921.9,1502.0
697.714661209,0.662519066787,6910.0,1503.0
698.199211533,0.660009383184,6851.9,1499.0
698.683799805,0.658119559102,6826.7,1500.0
699.168426033,0.65601750807,6834.5,1509.0
699.653090229,0.66109410757,6878.2,1501.0
700.137792404,0.657463808721,6816.4,1500.0
700.622532567,0.651526905558,6737.3,1503.0
701.107310729,0.656664864751,6794.8,1498.0
701.5921269,0.654105324552,6768.4,1501.0
702.076981091,0.644977080764,6649.7,1506.0
702.561873312,0.651529986793,6723.9,1500.0
703.046803573,0.646355295081,6635.4,1498.0
703.531771885,0.647041366288,6659.2,1501.0
704.016778259,0.648898978941,6692.2,1502.0
704.501822704,0.646680381001,6658.1,1502.0
704.986905232,0.644692124797,6596.8,1495.0
705.472025852,0.644400458224,6605.6,1498.0
705.957184575,0.637491061972,6518.7,1502.0
706.442381411,0.642723117584,6602.1,1503.0
706.92761637,0.640033198805,6565.7,1504.0
707.412889464,0.640012807004,6539.2,1498.0
707.898200702,0.63743899168,6504.9,1499.0
708.383550096,0.635126274233,6509.2,1508.0
708.868937654,0.637437932844,6539.6,1507.0
709.354363388,0.636352227675,6497.3,1501.0
709.839827308,0.63615834173,6494.4,1501.0
710.325329424,0.638725004157,6541.6,1503.0
710.810869748,0.637645392288,6529.7,1504.0
711.296448288,0.632316310368,6437.2,1501.0
711.782065056,0.637431097252,6517.8,1502.0
712.267720062,0.635934054129,6465.1,1495.0
712.753413317,0.636064501748,6510.3,1505.0
713.23914483,0.627102896771,6373.1,1504.0
713.724914612,0.63550120678,6467.3,1497.0
714.210722674,0.632746436325,6430.7,1498.0
714.696569026,0.632759943026,6430.9,1498.0
715.182453679,0.631488176984,6454.9,1508.0
715.668376642,0.638835685252,6521.5,1498.0
716.154337926,0.635858560768,6468.3,1496.0
716.640337542,0.635521352022,6467.6,1497.0
717.1263755,0.633267349867,6477.1,1507.0
717.61245181,0.638678277452,6549.6,1505.0
718.098566483,0.636493231371,6512.4,1504.0
718.584719529,0.640608217059,6543.8,1497.0
719.070910959,0.634138580515,6485.8,1506.0
719.557140782,0.638971217366,6536.6,1501.0
720.04340901,0.636230177376,6452.2,1491.0
720.529715653,0.642629918191,6591.9,1501.0
721.01606072,0.631492602421,6403.6,1496.0
721.502444224,0.634395416546,6472.4,1502.0
721.988866173,0.634126060798,6477.0,1504.0
722.475326578,0.632183071917,6443.8,1503.0
722.96182545,0.6347182054,6472.9,1501.0
723.448362799,0.632424939189,6443.1,1502.0
723.934938636,0.629420444399,6407.2,1504.0
724.421552971,0.633838379894,6459.8,1501.0
724.908205813,0.634749302659,6451.8,1496.0
725.394897175,0.63406610709,6471.8,1503.0
725.881627065,0.634052685749,6471.6,1503.0
726.368395495,0.629062840698,6384.9,1500.0
726.855202475,0.627730590131,6361.1,1499.0
727.342048015,0.633703898416,6457.8,1501.0
727.828932126,0.629383737262,6381.1,1498.0
728.315854818,0.628167910716,6384.5,1503.0
728.802816101,0.625677937496,6348.0,1503.0
729.289815986,0.630333426178,6390.8,1497.0
729.776854483,0.623607369207,6309.4,1501.0
730.263931603,0.62149936959,6266.3,1498.0
730.751047356,0.622650733167,6308.1,1504.0
731.238201752,0.624925839858,6332.8,1502.0
731.725394802,0.615864743824,6210.3,1504.0
732.212626517,0.622269299573,6285.8,1500.0
732.699896906,0.621661929773,6281.2,1501.0
733.187205979,0.622747108433,6309.5,1504.0
733.674553749,0.620522874505,6256.4,1499.0
734.161940224,0.616201958942,6173.8,1494.0
734.649365415,0.614539838002,6170.8,1499.0
735.136829333,0.620630421265,6249.6,1497.0
735.624331987,0.619188354292,6216.4,1494.0
736.111873389,0.615338020134,6190.4,1501.0
736.599453549,0.613009321502,6165.5,1503.0
737.087072477,0.610931311173,6152.4,1507.0
737.574730183,0.613378218579,6142.0,1496.0
738.062426679,0.607600870037,6105.4,1507.0
738.550161974,0.610566105356,6094.2,1494.0
739.037936078,0.605872239934,6052.9,1500.0
739.525749003,0.605635343417,6037.5,1497.0
740.013600758,0.600692543745,5993.1,1503.0
740.501491354,0.604427668724,6032.8,1500.0
740.989420801,0.601872132065,6009.4,1503.0
741.47738911,0.607823279987,6076.1,1499.0
741.965396291,0.602618094079,5995.7,1497.0
742.453442355,0.59794287548,5963.2,1505.0
742.941527311,0.596362789087,5929.7,1502.0
743.429651171,0.600096608448,5980.9,1502.0
743.917813944,0.595524089374,5922.2,1503.0
744.406015642,0.59734841356,5959.0,1506.0
744.894256274,0.59114626156,5851.1,1500.0
745.38253585,0.592070398116,5879.2,1504.0
745.870854382,0.592696753568,5891.6,1505.0
746.35921188,0.589281603467,5833.8,1502.0
746.847608354,0.589102899841,5831.4,1502.0
747.336043814,0.584778577702,5789.0,1506.0
747.824518271,0.590488619566,5877.3,1509.0
748.313031735,0.585948620767,5789.2,1502.0
748.801584217,0.584362953976,5748.9,1497.0
749.290175727,0.58734417762,5834.9,1509.0
749.778806275,0.586776535162,5784.8,1498.0
750.267475872,0.581931638543,5735.9,1502.0
750.756184528,0.588861473829,5839.8,1505.0
751.244932254,0.583860797436,5757.6,1501.0
751.73371906,0.578915296797,5696.2,1502.0
752.222544956,0.58360177819,5746.5,1499.0
752.711409953,0.581604412735,5712.5,1497.0
753.200314062,0.589175993929,5805.2,1495.0
753.689257291,0.581130105719,5717.7,1500.0
754.178239653,0.582104207574,5742.0,1503.0
754.667261157,0.575823844527,5644.5,1499.0
755.156321814,0.577372850143,5694.9,1507.0
755.645421634,0.57994357038,5702.1,1500.0
756.134560627,0.581515005482,5730.4,1502.0
756.623738805,0.578036452283,5680.9,1501.0
757.112956177,0.582903229324,5714.3,1493.0
757.602212753,0.579753118742,5699.6,1500.0
758.091508545,0.582866654677,5725.3,1496.0
758.580843562,0.573383101439,5624.1,1502.0
759.070217815,0.575713872895,5650.6,1501.0
759.559631314,0.574470544571,5638.2,1502.0
760.04908407,0.570763481449,5594.0,1503.0
760.538576094,0.570009760841,5584.3,1503.0
761.028107394,0.570101606643,5566.9,1498.0
761.517677983,0.566819544842,5521.3,1497.0
762.00728787,0.567943590255,5550.4,1501.0
762.496937065,0.564045162764,5500.8,1501.0
762.98662558,0.566275038926,5532.8,1502.0
763.476353424,0.566323386352,5537.1,1503.0
763.966120608,0.562883027367,5486.1,1501.0
764.455927142,0.563583911622,5491.3,1500.0
764.945773037,0.561964451192,5419.8,1486.0
765.435658302,0.557443035469,5414.2,1500.0
765.92558295,0.557751898737,5432.5,1504.0
766.415546989,0.553737428671,5368.2,1500.0
766.90555043,0.55062780178,5329.9,1500.0
767.395593284,0.553128905901,5385.7,1507.0
767.885675561,0.54971049839,5322.2,1501.0
768.375797272,0.548522722971,5311.2,1502.0
768.865958426,0.543379524012,5231.2,1497.0
769.356159034,0.548042648556,5301.8,1501.0
769.846399107,0.544571689113,5263.1,1502.0
770.336678655,0.542047604206,5232.6,1502.0
770.826997689,0.539995594719,5201.0,1500.0
771.317356218,0.536724725986,5172.3,1503.0
771.807754253,0.538133477738,5182.2,1501.0
772.298191805,0.53924722685,5178.2,1496.0
772.788668884,0.535519288821,5151.1,1501.0
773.2791855,0.533233094115,5110.4,1497.0
773.769741664,0.532185606254,5104.9,1499.0
774.260337387,0.534044805166,5109.7,1494.0
774.750972677,0.524755373849,5025.0,1501.0
775.241647547,0.530661741767,5097.2,1502.0
775.732362006,0.528820686843,5065.5,1499.0
776.223116065,0.523539692595,4997.6,1497.0
776.713909734,0.522149975752,5001.6,1503.0
777.204743023,0.519417286057,4957.0,1499.0
777.695615943,0.515655021772,4920.8,1501.0
778.186528505,0.521132844223,4973.3,1498.0
778.677480718,0.514635224656,4915.8,1503.0
779.168472594,0.513276056672,4903.7,1504.0
779.659504142,0.513523966925,4906.5,1504.0
780.150575372,0.509641542803,4859.6,1503.0
780.641686297,0.516631055666,4925.3,1499.0
781.132836924,0.506436751064,4833.5,1506.0
781.624027266,0.507820023289,4845.7,1505.0
782.115257333,0.508655724044,4826.0,1496.0
782.606527134,0.506208692955,4805.3,1498.0
783.09783668,0.50325485893,4779.1,1500.0
783.589185982,0.502521988323,4761.5,1497.0
784.08057505,0.501397989968,4771.4,1504.0
784.572003895,0.499236662698,4741.4,1502.0
785.063472526,0.502748343728,4760.8,1496.0
785.554980955,0.498081623502,4741.4,1506.0
786.046529191,0.496480044934,4711.4,1502.0
786.538117246,0.496734515799,4717.3,1503.0
787.029745129,0.495095146712,4696.4,1502.0
787.52141285,0.494997841451,4701.6,1504.0
788.013120421,0.496640214886,4710.0,1501.0
788.504867851,0.494889422194,4684.8,1499.0
788.996655152,0.494362689126,4676.0,1498.0
789.488482332,0.490449094935,4658.8,1506.0
789.980349404,0.497361537667,4708.4,1498.0
790.472256377,0.491903779254,4649.6,1498.0
790.964203261,0.488355276275,4621.0,1501.0
791.456190067,0.483652121879,4589.5,1507.0
791.948216806,0.484479446362,4595.2,1506.0
792.440283487,0.48647115035,4591.8,1498.0
792.932390122,0.484607220781,4593.5,1505.0
793.42453672,0.486155004653,4609.9,1505.0
793.916723292,0.480062693088,4518.5,1496.0
794.408949849,0.482339809282,4521.0,1489.0
794.9012164,0.474619445757,4483.1,1503.0
795.393522956,0.47586982345,4505.0,1506.0
795.885869528,0.476881034302,4518.5,1507.0
796.378256126,0.471239203313,4466.1,1509.0
796.87068276,0.47378330242,4471.5,1502.0
797.36314944,0.471625439217,4452.3,1503.0
797.855656178,0.474701780596,4475.0,1500.0
798.348202984,0.470125352342,4439.9,1504.0
798.840789867,0.471857840242,4436.9,1497.0
799.333416838,0.466872544691,4409.7,1505.0
799.826083909,0.464552023166,4365.8,1498.0
800.318791088,0.465141170627,4383.4,1502.0
800.811538387,0.466205050798,4388.3,1500.0
801.304325815,0.464619099657,4351.9,1493.0
801.797153384,0.459177010463,4312.1,1498.0
802.290021104,0.45895598872,4335.8,1507.0
802.782928985,0.457518289574,4310.0,1503.0
803.275877037,0.454631469952,4272.9,1500.0
803.768865271,0.455042518852,4285.5,1503.0
804.261893697,0.454210731156,4277.3,1503.0
804.754962326,0.454158131764,4265.4,1499.0
805.248071167,0.448025175355,4211.2,1501.0
805.741220233,0.448168858523,4215.4,1502.0
806.234409532,0.447447271767,4205.6,1501.0
806.727639075,0.445334306845,4182.4,1500.0
807.220908873,0.442355119138,4145.5,1497.0
807.714218936,0.442417972312,4146.1,1497.0
808.207569274,0.440652874753,4134.8,1499.0
808.700959898,0.437649379778,4120.0,1504.0
809.194390818,0.430434791651,4062.9,1508.0
809.687862045,0.437879286748,4116.7,1502.0
810.181373589,0.430730626961,4044.1,1500.0
810.67492546,0.431106156392,4044.9,1499.0
811.168517669,0.429079869575,4020.7,1497.0
811.662150227,0.429641182831,4025.9,1497.0
812.155823142,0.427828483431,4025.2,1503.0
812.649536427,0.427098689532,4002.4,1497.0
813.143290091,0.426644530884,4008.9,1501.0
813.637084145,0.420004119719,3950.7,1502.0
814.130918598,0.419032979809,3944.5,1503.0
814.624793463,0.419470185301,3951.1,1504.0
815.118708748,0.416759743546,3897.8,1493.0
815.612664465,0.413828668479,3902.7,1505.0
816.106660623,0.413675342266,3875.4,1495.0
816.600697234,0.413253898204,3882.0,1499.0
817.094774307,0.408307818524,3840.6,1500.0
817.588891853,0.411696573044,3842.3,1489.0
818.083049882,0.406489185955,3832.2,1503.0
818.577248405,0.405427535801,3820.3,1502.0
819.071487432,0.405221103176,3813.4,1500.0
819.565766973,0.405463074691,3825.7,1504.0
820.060087039,0.401661374194,3797.4,1506.0
820.554447641,0.403276337507,3791.3,1498.0
821.048848788,0.400473688253,3782.0,1504.0
821.543290491,0.404427458483,3803.9,1499.0
822.037772761,0.397651536737,3762.5,1506.0
822.532295608,0.404557409362,3802.5,1498.0
823.026859042,0.398390240236,3763.9,1504.0
823.521463073,0.403097632853,3794.8,1500.0
824.016107713,0.404340350653,3800.6,1498.0
